epoch,train_loss,train_acc,val_loss,val_acc,test_loss,test_acc
1,3.663643471988631,0.10291280864197531,3.333990831025608,0.1518324607329843,3.2081928553000822,0.16308002693487159
2,2.8021648430529935,0.26157407407407407,2.4158923322201606,0.3586387434554974,2.32190058932019,0.3853396100731768
3,1.794707558773182,0.5166859567901234,1.5926057352029424,0.6064572424528695,1.540556671800594,0.5985205113366697
4,1.1325329943203633,0.6987847222222222,1.3003818318897933,0.6928446756815619,1.240372081210169,0.7020847342442408
5,0.7632165174057455,0.7982253086419753,1.1690260198935996,0.7294938914334795,1.132749067510465,0.7212508404984439
6,0.5430296092857549,0.8560956790123457,1.1290750191473835,0.7469458983622712,1.0945645788811003,0.7451244116871647
7,0.41676281912275304,0.8919753086419753,1.1145755325104345,0.7635253042658794,1.0597388744354248,0.7579018158967172
8,0.3217851662617407,0.9197530864197531,1.1043115931239635,0.7827225119967736,1.0652040457998095,0.7710154675443299
