epoch,train_loss,train_acc,val_loss,val_acc,test_loss,test_acc
1,3.8854729540554094,0.05999228395061729,3.932264566837597,0.06806282722513089,3.815809179651072,0.06825823809828788
2,3.827406003151411,0.06655092592592593,3.9058303067405395,0.08376963350785341,3.7758305776656353,0.09145931409021793
3,3.8193053360338562,0.06925154320987655,3.869446902582991,0.08115183246073299,3.7698624558952245,0.08507061200548356
4,3.8257920182781455,0.06983024691358025,3.9169989547596344,0.05410122164048865,3.814747490334527,0.06993947546896553
5,3.7774709875201,0.07706404320987655,3.785384236413979,0.10209424083769633,3.682568653205456,0.10221923342589652
6,3.64869150556164,0.10850694444444445,3.7671702602978985,0.08115183246073299,3.6641061249882405,0.10121049093634953
7,3.6742902979438687,0.10484182098765432,3.955900465214648,0.06457242582897033,3.8017436263540407,0.08876933424502471
8,3.9085051439426564,0.0642361111111111,3.988469356849764,0.06806282722513089,3.8603992750761726,0.06859448557643179
