epoch,train_loss,train_acc,val_loss,val_acc,test_loss,test_acc
1,1.6421195376773308,0.7009596072305289,1.5191391891157124,0.6941649899321423,1.4870926398045539,0.6898096336629597
2,1.4341799443493302,0.7036375808971211,1.1783118559800883,0.7364185110663984,1.4801558408331363,0.7088465877503056
3,1.1612620328492125,0.7359964293684446,1.1787985426559295,0.7364185110663984,1.4384866326813734,0.7077267669216383
4,1.2903234784264193,0.721044409729971,1.2045088087768863,0.7444668007448645,1.4156479057245799,0.7099664078447613
5,1.2089600064204595,0.7364427583128766,1.2053163775975555,0.7364185110663984,1.5111812682861978,0.7077267669216383
6,1.1477191438567982,0.7364427583128766,1.1821682577881534,0.7364185110663984,1.42336918285152,0.7077267669216383
7,1.1417473296359884,0.7366659227850926,1.2248575874497474,0.7364185110663984,1.483236692520432,0.7077267669216383
8,1.141140895007152,0.7364427583128766,1.1993309017158371,0.7364185110663984,1.4298136636097514,0.7077267669216383
