epoch,train_loss,train_acc,val_loss,val_acc,test_loss,test_acc
1,1.474426823517915,0.7011827717027449,1.323309031530645,0.7203219315895373,1.4518071454423005,0.704367304435636
2,1.3427788515863501,0.7147958045079223,1.2033458715473382,0.7323943661971831,1.4529929241167605,0.7054871252643035
3,1.2298534790923144,0.7268466860075876,1.1844551428942613,0.7364185110663984,1.5021092184179974,0.7077267669216383
4,1.1533313926523006,0.7368890872573086,1.1887625822838643,0.7364185110663984,1.4254787618342333,0.7077267669216383
5,1.1450921461880672,0.7368890872573086,1.1948268989202242,0.7364185110663984,1.4581400839505512,0.7077267669216383
6,1.2984089043171803,0.720598080785539,3.720883074900514,0.5492957746403918,3.2365489961852685,0.5823068305065757
7,2.588205417054914,0.4847132336532024,1.6976778396898113,0.5653923540497929,1.7463859362404663,0.5632698778209067
8,1.2190690380445257,0.7159116268690024,1.1670796415455624,0.7364185110663984,1.4355340375077952,0.7077267669216383
