epoch,train_loss,train_acc,val_loss,val_acc,test_loss,test_acc
1,1.3329194244450422,0.7147958045079223,1.1745396643817065,0.7364185110663984,1.4107041062593193,0.7077267669216383
2,1.1384899932820465,0.7364427583128766,1.1961899312209316,0.7364185110663984,1.411149619541403,0.7077267669216383
3,1.1732445210052158,0.7172506137022986,1.1866556931309538,0.7364185110663984,1.4498396356322063,0.7077267669216383
4,1.1198548610469534,0.7364427583128766,1.1702990627864478,0.7364185110663984,1.4071083534738384,0.7077267669216383
5,1.1179042529298961,0.7364427583128766,1.16455044065203,0.7364185110663984,1.402854587970362,0.7077267669216383
6,1.1152741425778552,0.7364427583128766,1.162994400596235,0.7364185110663984,1.4070454058962198,0.7077267669216383
7,1.11428813234926,0.7364427583128766,1.1729777665205405,0.7364185110663984,1.4179484316910234,0.7077267669216383
8,1.1119070140226321,0.7364427583128766,1.1787532210589895,0.7364185110663984,1.4119339345684243,0.7077267669216383
