epoch,train_loss,train_acc,val_loss,val_acc,test_loss,test_acc
1,1.3434797967851655,0.7038607453693372,1.2188170978001185,0.7364185110663984,1.5086515712043873,0.7077267669216383
2,1.150662738100755,0.7364427583128766,1.1787663124936447,0.7364185110663984,1.4336384761773993,0.7077267669216383
3,1.1374158536289132,0.7366659227850926,1.2055690379689636,0.7364185110663984,1.4174682208965768,0.7077267669216383
4,1.1385432183809032,0.7364427583128766,1.1769727355757469,0.7364185110663984,1.4152502864098628,0.7077267669216383
5,1.1338582037815264,0.7364427583128766,1.1786640971239424,0.7364185110663984,1.4225523118075705,0.7077267669216383
6,1.1336264659772626,0.7364427583128766,1.190142359532101,0.7364185110663984,1.449069022464859,0.7077267669216383
7,1.1411434670320395,0.7359964293684446,1.1860321935273752,0.7364185110663984,1.438191597699318,0.7077267669216383
8,1.1334536980934853,0.7364427583128766,1.187520211851093,0.7364185110663984,1.4351990997190571,0.7077267669216383
